Type,Name,Request Count,Failure Count,Median Response Time,Average Response Time,Min Response Time,Max Response Time,Average Content Size,Requests/s,Failures/s,50%,66%,75%,80%,90%,95%,98%,99%,99.9%,99.99%,100%
POST,/auth/login,200,0,1200.0,1270.913951065013,980.1615840005979,2299.1683340005693,535.98,0.666464074577753,0.0,1200,1300,1400,1400,1500,1700,2200,2200,2300,2300,2300
GET,/inbox/unread,1580,0,810.0,945.1226486081664,428.55266599872266,3103.3289580009296,11.0,5.265066189164249,0.0,810,1100,1200,1300,1600,1800,2000,2200,2800,3100,3100
GET,/threads/preview,3220,0,870.0,955.148753507486,413.0869580003491,3164.486459001637,0.9627329192546584,10.730071600701823,0.0,870,1100,1200,1300,1500,1800,2000,2200,2800,3200,3200
,Aggregated,5000,0,880.0,964.6111122616038,413.0869580003491,3164.486459001637,25.5352,16.661601864443824,0.0,880,1100,1200,1300,1500,1800,2000,2200,2800,3200,3200
