Type,Name,Request Count,Failure Count,Median Response Time,Average Response Time,Min Response Time,Max Response Time,Average Content Size,Requests/s,Failures/s,50%,66%,75%,80%,90%,95%,98%,99%,99.9%,99.99%,100%
POST,/auth/login,500,0,2900.0,3434.4265047420076,435.9477909997622,9606.64983300012,537.752,0.8352121097497591,0.0,2900,4700,6000,6400,7500,7900,9200,9400,9600,9600,9600
GET,/inbox/unread,3757,0,7400.0,6243.0615819315935,121.56974999970771,11781.088000000182,11.0,6.2757837926596896,0.0,7400,8600,8800,8900,9200,9400,10000,11000,12000,12000,12000
GET,/threads/preview,7605,0,6800.0,5953.480480812239,103.83325000020704,11486.543541999708,1.0190664036817882,12.703576189293836,0.0,6800,8300,8500,8600,8900,9100,10000,11000,11000,11000,11000
,Aggregated,11862,0,6700.0,5939.016580025701,103.83325000020704,11781.088000000182,26.8043331647277,19.814572091703283,0.0,6700,8400,8600,8700,9000,9200,10000,11000,12000,12000,12000
