Type,Name,Request Count,Failure Count,Median Response Time,Average Response Time,Min Response Time,Max Response Time,Average Content Size,Requests/s,Failures/s,50%,66%,75%,80%,90%,95%,98%,99%,99.9%,99.99%,100%
POST,/auth/login,1000,0,2800.0,8084.4486935850455,1031.5609169992968,52217.43920800145,537.736,3.700161604181192,0.0,2800,3900,6800,9700,37000,40000,42000,45000,52000,52000,52000
GET,/inbox/unread,3297,19,2300.0,4501.915944929352,144.5701669981645,58929.58979100149,10.936609038519867,12.19943280898539,0.07030307047944265,2300,4000,4600,4800,7200,20000,31000,35000,56000,59000,59000
GET,/threads/preview,6713,19,2100.0,4026.3894863734668,143.74262500132318,55530.64662500037,2.3089527781915686,24.839184848868342,0.07030307047944265,2100,3500,4300,4500,6000,14000,30000,33000,53000,56000,56000
,Aggregated,11010,38,2200.0,4537.367682655982,143.74262500132318,58929.58979100149,53.523524069028156,40.738779262034924,0.1406061409588853,2200,3700,4400,4600,7600,21000,33000,40000,55000,58000,59000
