Type,Name,Request Count,Failure Count,Median Response Time,Average Response Time,Min Response Time,Max Response Time,Average Content Size,Requests/s,Failures/s,50%,66%,75%,80%,90%,95%,98%,99%,99.9%,99.99%,100%
POST,/auth/login,500,0,2900.0,3611.420253021976,412.22429199933686,9897.107916000095,537.752,0.835386510040927,0.0,2900,4900,6100,6700,7700,8400,9000,9500,9900,9900,9900
GET,/inbox/unread,3708,0,8300.0,6720.687184554989,118.75645799955237,15140.096207999704,11.0,6.195226358463515,0.0,8300,8800,9000,9200,9500,10000,12000,14000,15000,15000,15000
GET,/threads/preview,7188,0,8000.0,6379.949370319847,104.06049999983225,14846.08125000068,1.0781858653311074,12.009516468348366,0.0,8000,8500,8700,8900,9200,9600,12000,13000,15000,15000,15000
,Aggregated,11396,0,8000.0,6369.348392479811,104.06049999983225,15140.096207999704,27.85310635310635,19.040129336852807,0.0,8000,8600,8800,9000,9300,9700,12000,13000,15000,15000,15000
